Herb_id,Total_Score,Top_Ingredient_Count,Top_Ingredients
HERB004609,0.083719085,8,"HBIN014685, HBIN014693, HBIN019336, HBIN020984, HBIN027747, HBIN034423, HBIN042172, HBIN046831"
HERB000887,0.009464315,1,HBIN030534
HERB001749,0.007757498,1,HBIN019691
HERB001210,0.003831896,1,HBIN014685
HERB000309,0.002460241,1,HBIN020984
